{"val_loss": [0.35155110478401186, 0.32705938493410747, 0.320213228114446, 0.31620493494669594, 0.314033518075943, 0.31243368112246195, 0.3116795800844828, 0.308232718706131, 0.3062862262407939, 0.30407579058011375, 0.3042025287946065, 0.3041177579879761, 0.3033340052127838, 0.3000697821299235, 0.3017504988670349, 0.2997126622517904, 0.2991353445529938, 0.3007392354488373, 0.29903697935740153, 0.2989219296614329], "loss": [0.4075920402685801, 0.33849827982584635, 0.32441093215942385, 0.31870794132550556, 0.3153625570456187, 0.3128894225438436, 0.3107898771921794, 0.30900753200848896, 0.3074217718283335, 0.306060297203064, 0.30474264928499856, 0.30365058557192487, 0.3026908937613169, 0.30186715331077574, 0.30102227832476297, 0.3003473436037699, 0.2997463051637014, 0.2991715502897898, 0.2987010140101115, 0.298247908894221]}